{
    "accMgrCenter": [
        {
            "value": 237,
            "key": 237,
            "text": "ABSAL HEAZEHAN BT ABUDALLAH  "
        },
        {
            "value": 235,
            "key": 235,
            "text": "ACHMAD FAIZAL B FATHULLAH HARUN "
        },
        {
            "value": 213,
            "key": 213,
            "text": "ANANTHEN ALIMUTHU"
        },
        {
            "value": 344,
            "key": 344,
            "text": "ANDREW KWOK HSIAU YUN (SMED2.00004)"
        },
        {
            "value": 228,
            "key": 228,
            "text": "Ahmad Sallehuddin B Roslan (Chik) "
        },
        {
            "value": 224,
            "key": 224,
            "text": "Amril Nurman B Kamarudin "
        },
        {
            "value": 209,
            "key": 209,
            "text": "Azizan B Baharom "
        },
        {
            "value": 340,
            "key": 340,
            "text": "BPU PROCESSING UNIT(EBDPU.00001)"
        },
        {
            "value": 226,
            "key": 226,
            "text": "Bala Murali Shanmugam "
        },
        {
            "value": 288,
            "key": 288,
            "text": "CALLIE NG SZE WAN"
        },
        {
            "value": 353,
            "key": 353,
            "text": "CAROL LEE HWEI KOON"
        },
        {
            "value": 247,
            "key": 247,
            "text": "CHIA MEI FUN (CINDY)"
        },
        {
            "value": 244,
            "key": 244,
            "text": "CHUA CHAN FU "
        },
        {
            "value": 283,
            "key": 283,
            "text": "CYNTHIA WONG SYN YEE"
        },
        {
            "value": 218,
            "key": 218,
            "text": "Charene Chua Ying Ying"
        },
        {
            "value": 279,
            "key": 279,
            "text": "Chester Koh Puey Seng"
        },
        {
            "value": 361,
            "key": 361,
            "text": "DANIEL MOO TZE VUN (SMED1.00008)"
        },
        {
            "value": 271,
            "key": 271,
            "text": "DAVID MOH"
        },
        {
            "value": 76,
            "key": 76,
            "text": "DERRICK NG KIM FAI"
        },
        {
            "value": 219,
            "key": 219,
            "text": "Derrick Ng Kim Fai"
        },
        {
            "value": 360,
            "key": 360,
            "text": "ERIC NG TZE LIN (SMED1.00007)"
        },
        {
            "value": 349,
            "key": 349,
            "text": "FAZLIN BINTI SABUDIN"
        },
        {
            "value": 263,
            "key": 263,
            "text": "FOONG CHEE LOONG"
        },
        {
            "value": 217,
            "key": 217,
            "text": "Foo Yoke San (Abby)"
        },
        {
            "value": 248,
            "key": 248,
            "text": "GAN EE LYN "
        },
        {
            "value": 355,
            "key": 355,
            "text": "GARY BONG KIAN HUA (SMED2.00006)"
        },
        {
            "value": 345,
            "key": 345,
            "text": "GAVIN TAY GUAN PUAY (SMED2.00005)"
        }
       
       
    ]
}