{
    "suptCenter": [
        {
            "value": 27,
            "key": 27,
            "text": "Berjaya Time Square"
        },
        {
            "value": 26,
            "key": 26,
            "text": "Business Processing Center"
        },
        {
            "value": 3,
            "key": 3,
            "text": "Cyberjaya"
        },
        {
            "value": 13,
            "key": 13,
            "text": "Maxis Alor Setar"
        },
        {
            "value": 2,
            "key": 2,
            "text": "Maxis Ampang Point"
        },
        {
            "value": 21,
            "key": 21,
            "text": "Maxis Batu Pahat"
        },
        {
            "value": 11,
            "key": 11,
            "text": "Maxis Bayan Baru"
        },
        {
            "value": 4,
            "key": 4,
            "text": "Maxis Cheras"
        },
        {
            "value": 15,
            "key": 15,
            "text": "Maxis Ipoh"
        },
        {
            "value": 19,
            "key": 19,
            "text": "Maxis JB i-Center"
        },
        {
            "value": 7,
            "key": 7,
            "text": "Maxis Klang"
        },
        {
            "value": 23,
            "key": 23,
            "text": "Maxis Kota Bahru"
        },
        {
            "value": 24,
            "key": 24,
            "text": "Maxis Kota Kinabalu"
        },
        {
            "value": 22,
            "key": 22,
            "text": "Maxis Kuantan"
        },
        {
            "value": 25,
            "key": 25,
            "text": "Maxis Kuching"
        },
        {
            "value": 14,
            "key": 14,
            "text": "Maxis Langkawi"
        },
        {
            "value": 18,
            "key": 18,
            "text": "Maxis Melaka"
        }
        
    ]
}