{
	"bundleType": "MAXIS",
	"orderCategory": "Normal",
	"brn": "628567U",
	"vsn": "",
	"selectedVSN": "New - Not Available Yet",
	"addressInfo": {
		"billingAddress": {
			"address1": "",
			"address2": "",
			"postCodeHint": "",
			"postCode": "",
			"city": "",
			"state": ""
		},
		"deliveryAddress": {
			"contactName": "",
			"contactPhoneNo": "",
			"contactIC": "",
			"contactFixNo": "",
			"address1": "",
			"address2": "",
			"postCodeHint": "",
			"postCode": "",
			"city": "",
			"state": ""
		},
		"picDetails": {
			"picName": "",
			"picEMail": "",
			"picContactNumber": "",
			"notificationEmail": ""
		}
	},
	"brnInfo": {
		"portalCustInfo": {
			"companyName": "MAXIS BHD",
			"companyCodeName": "Berhad company",
			"businessName": "Agriculture,Hunting,Forestry Fishing",
			"staffStrength": "2",
			"custPuc": null,
			"custFinalRemark": null,
			"custBrnNo": "628567U",
			"businessId": null,
			"custType": "Company / SME",
			"accountType": null
		},
		"authorizedSignatory": {
			"authName": "ELAINE",
			"authIcNo": "900210125738",
			"authFixedNo": "60178216707",
			"authFaxNo": null,
			"authMobileNo": null,
			"authEmail": "yeeling@hotmail.com"
		},
		"documents": null,
		"errorCode": null,
		"errorMessage": null,
		"addrInfo": {
			"billingAddress": {
				"address1": "LOT 61, BATU 11,",
				"address2": "JALAN CHERAS",
				"postCode": "43000",
				"city": "KAJANG",
				"state": "SELANGOR",
				"country": "Malaysia"
			},
			"deliveryAddress": {
				"contactName": "CUSTOMER",
				"contactPhoneNo": "0123456789",
				"contactIC": "123456789",
				"contactFixNo": "12345676543",
				"address1": "LOT 61, BATU 11,",
				"address2": "JALAN CHERAS",
				"postCode": "44300",
				"city": "BATANG KALI",
				"state": "SELANGOR",
				"country": "Malaysia"
			},
			"picDetails": {
				"picName": "CUSTOMER",
				"picEMail": "test@gmail.com",
				"picContactNumber": "0123456789",
				"notificationEmail": "test@gmail.com",
				"picContactNo": null
			}
		},
		"documentUploadItems": [
			{
				"documentCode": "1074",
				"sNo": 3,
				"documentDesc": "Bank stmts",
				"documentType": "BC",
				"maxFileSize": 5,
				"compulsoryInd": "No",
				"sourceInd": "BCC",
				"documentType2": null,
				"sourceInd2": null,
				"compulsory": false,
				"uploadInd": null,
				"documentregId": null,
				"fileName": null,
				"ref": null,
				"file": null,
				"regId": null,
				"filePath": null
			},
			{
				"documentCode": "1108",
				"sNo": 4,
				"documentDesc": "CMSS Document",
				"documentType": "BC",
				"maxFileSize": 5,
				"compulsoryInd": "No",
				"sourceInd": "EBD",
				"documentType2": null,
				"sourceInd2": null,
				"compulsory": false,
				"uploadInd": null,
				"documentregId": null,
				"fileName": null,
				"ref": null,
				"file": null,
				"regId": null,
				"filePath": null
			},
			{
				"documentCode": "1075",
				"sNo": 4,
				"documentDesc": "Addendum",
				"documentType": "BC",
				"maxFileSize": 5,
				"compulsoryInd": "No",
				"sourceInd": "EBD",
				"documentType2": null,
				"sourceInd2": null,
				"compulsory": false,
				"uploadInd": "Y",
				"documentregId": null,
				"fileName": "config_(2).properties",
				"ref": null,
				"file": null,
				"regId": 9979,
				"filePath": null
			},
			{
				"documentCode": "1077",
				"sNo": 6,
				"documentDesc": "Bank-in Slip",
				"documentType": "BC",
				"maxFileSize": 5,
				"compulsoryInd": "No",
				"sourceInd": "EBD",
				"documentType2": null,
				"sourceInd2": null,
				"compulsory": false,
				"uploadInd": null,
				"documentregId": null,
				"fileName": null,
				"ref": null,
				"file": null,
				"regId": null,
				"filePath": null
			}
		]
	},
	"tempUploadRegId": [],
	"easMasterRegId": "9979",
	"parentId": "1700687856",
	"hierarchyId": "1700687831",
	"marketCode": "33",
	"totalApprovedAmount": 0,
	"accountCategory": "CORPORATE",
	"collectionCodeName": "",
	"authorisedSignatoryDropdownValue": "NoneTQA EAS Testing 5:SHITESH@maxis.com.my:60147428063",
	"billableCheckboxValue": "",
	"deposit": 0,
	"totalDeposit": 0,
	"totalLinesDeposit": 0,
	"totalAdvanceDeposit": 0,
	"totalDeviceTopUp": "0.00",
	"billableAccountNumber": "123456",
	"isBillableChecked": false,
	"cmssNo": "1234",
	"approvalRemarks": "test",
	"assignedToDropdownValue": "AAHMADSF@maxis.com.my",
	"reviewDropdownValue": "",
	"reasonCodeDropdownValue": "",
	"billableAcct": "",
	"dealerCode": "EBDPU.00001",
	"dealerName": "",
	"dealerRemarks": "",
	"accountManagerCode": "88886.00098",
	"salesmanCode": "",
	"salesmanName": "",
	"supportingCenter": "",
	"cmssID": "",
	"cmssFileName": "",
	"cmssRegId": null,
	"customerSignDate": null,
	"tnc": false,
	"user": {
		"userId": "bpu@maxis.com.my",
		"userRole": "ECO",
		"salesChannelId": "7320",
		"dealerCode": "EBDPU.00001",
		"dealerName": "TEST"
	},
	"addedDevices": [],
	"orderSubmissionFailed": true,
	"orderApprovalFailed": true,
	"vasList": null,
	"iddList": null,
	"registrationDetails": {
		"acctMgrId": "237",
		"acctManagerDealerCode": "88886.00098",
		"acctMgrName": "ABSAL HEAZEHAN BT ABUDALLAH  ",
		"packageSelected": "ONEBusiness Flexi Plan",
		"totalMemberString": "1",
		"dataPerUnit": 0,
		"usersPerUnit": 0,
		"monthlyVasForData": null,
		"monthlyVasForLine": null,
		"approveRemarksStatus": "EXIST",
		"allowResub": "off",
		"dealerCode": "EBDPU.00001",
		"groupName": "MAXIS",
		"lineCount": 1,
		"maxLineCount": 100,
		"pendingLineCount": 0,
		"custSignDate": "23/11/2018",
		"custBrnNo": "628567U",
		"masterRegId": "9979",
		"masterRegStatus": "Pending Approval",
		"contactMode": "Email",
		"easPackageName": "ONEBusiness Flexi Plan",
		"lineOrderQty": 0,
		"dataOrderQty": 0,
		"virtualServiceNo": "New - Not Available Yet",
		"accountNo": null,
		"billable": "off",
		"customerType": "Company / SME",
		"advPayment": "off",
		"dealerName": "BPU PROCESSING UNIT (EBDPU.00001)",
		"bpuRemarks": "BPU YET TO KEY-IN REMARKS",
		"dealerRemarks": "test",
		"ratePlanId": 1265,
		"easRegistration": null,
		"rejectReasons": [
			{
				"key": 33,
				"value": "ADVANCE PAYMENT-NOT ATTACHED",
				"text": "ADVANCE PAYMENT-NOT ATTACHED"
			},
			{
				"key": 21,
				"value": "AUTHORIZED NAME MISSING IN LOR",
				"text": "AUTHORIZED NAME MISSING IN LOR"
			},
			{
				"key": 23,
				"value": "BACKDATED LOA",
				"text": "BACKDATED LOA"
			},
			{
				"key": 45,
				"value": "BANK IN SLIP/CHEQUE NOT ATTACHED OR NOT CLEAR",
				"text": "BANK IN SLIP/CHEQUE NOT ATTACHED OR NOT CLEAR"
			},
			{
				"key": 41,
				"value": "BILLING ADDRESS DIFFERENT FROM RF AND KENAN",
				"text": "BILLING ADDRESS DIFFERENT FROM RF AND KENAN"
			},
			{
				"key": 42,
				"value": "BIZFIBRE-TM SCREEN SHOT NOT FURNISHED",
				"text": "BIZFIBRE-TM SCREEN SHOT NOT FURNISHED"
			},
			{
				"key": 34,
				"value": "CASE NO NOT INDICATED FOR EXCEPTIONAL HANDLING",
				"text": "CASE NO NOT INDICATED FOR EXCEPTIONAL HANDLING"
			},
			{
				"key": 50,
				"value": "CHARGE RULE-WRONGLY/NOT ASSIGNED/NOT INDICATED IN RF",
				"text": "CHARGE RULE-WRONGLY/NOT ASSIGNED/NOT INDICATED IN RF"
			},
			{
				"key": 10,
				"value": "COMBINE SUBSIDY-INCORRECT AMT",
				"text": "COMBINE SUBSIDY-INCORRECT AMT"
			},
			{
				"key": 24,
				"value": "COMP STAMP ADDRESS DIFFER WITH KENAN ",
				"text": "COMP STAMP ADDRESS DIFFER WITH KENAN "
			},
			{
				"key": 47,
				"value": "DATA CONTRACT WRONGLY/NOT ASSIGNED",
				"text": "DATA CONTRACT WRONGLY/NOT ASSIGNED"
			},
			{
				"key": 51,
				"value": "DEALER DID NOT ENDORSE ON THE RF AND SUPPORTING DOCS",
				"text": "DEALER DID NOT ENDORSE ON THE RF AND SUPPORTING DOCS"
			},
			{
				"key": 19,
				"value": "DEALER REQUEST TO REJECT",
				"text": "DEALER REQUEST TO REJECT"
			},
			{
				"key": 22,
				"value": "DEPOSIT AMOUNT INCORRECT",
				"text": "DEPOSIT AMOUNT INCORRECT"
			},
			{
				"key": 32,
				"value": "DEPOSIT-NOT ATTACHED",
				"text": "DEPOSIT-NOT ATTACHED"
			},
			{
				"key": 27,
				"value": "DEVICE DELIVERY ADDRESS NOT MATCH WITH COMP STAMP ",
				"text": "DEVICE DELIVERY ADDRESS NOT MATCH WITH COMP STAMP "
			},
			{
				"key": 31,
				"value": "DEVICE MODEL-DIFFERENT BETWEEN RF/PORTAL",
				"text": "DEVICE MODEL-DIFFERENT BETWEEN RF/PORTAL"
			},
			{
				"key": 12,
				"value": "DEVICE-OBSOLETE MODELS",
				"text": "DEVICE-OBSOLETE MODELS"
			},
			{
				"key": 18,
				"value": "DONE MANUALLY IN KENAN",
				"text": "DONE MANUALLY IN KENAN"
			},
			{
				"key": 6,
				"value": "DUPLICATE SUBMISSION",
				"text": "DUPLICATE SUBMISSION"
			},
			{
				"key": 11,
				"value": "EXISTING PENALTY/CONTRACT",
				"text": "EXISTING PENALTY/CONTRACT"
			},
			{
				"key": 13,
				"value": "FAILED CREDIT CHECK",
				"text": "FAILED CREDIT CHECK"
			},
			{
				"key": 55,
				"value": "FLEXIFUND-PENDING PAYMENT",
				"text": "FLEXIFUND-PENDING PAYMENT"
			},
			{
				"key": 39,
				"value": "HAS EXISTING DATA CONTRACT",
				"text": "HAS EXISTING DATA CONTRACT"
			},
			{
				"key": 40,
				"value": "HAS EXISTING VOICE CONTRACT MORE THAN 6 MONTHS",
				"text": "HAS EXISTING VOICE CONTRACT MORE THAN 6 MONTHS"
			},
			{
				"key": 54,
				"value": "INCOMPLETE DOCUMENT-NO FORM 9/49/13",
				"text": "INCOMPLETE DOCUMENT-NO FORM 9/49/13"
			},
			{
				"key": 53,
				"value": "INCOMPLETE DOCUMENT-NO LOA/LOR/R&A/DONOR BILL",
				"text": "INCOMPLETE DOCUMENT-NO LOA/LOR/R&A/DONOR BILL"
			},
			{
				"key": 52,
				"value": "INCOMPLETE INFORMATION-NO PIC INFO",
				"text": "INCOMPLETE INFORMATION-NO PIC INFO"
			},
			{
				"key": 4,
				"value": "INCOMPLETE/NO DOCUMENT",
				"text": "INCOMPLETE/NO DOCUMENT"
			},
			{
				"key": 5,
				"value": "INCOMPLETE/NO INFORMATION",
				"text": "INCOMPLETE/NO INFORMATION"
			},
			{
				"key": 25,
				"value": "INCORRECT BILLING ROUTE",
				"text": "INCORRECT BILLING ROUTE"
			},
			{
				"key": 26,
				"value": "INCORRECT CONTRACT IN RF",
				"text": "INCORRECT CONTRACT IN RF"
			},
			{
				"key": 20,
				"value": "LINES UNDER WRONG TYPE OF REGISTRATION",
				"text": "LINES UNDER WRONG TYPE OF REGISTRATION"
			},
			{
				"key": 3,
				"value": "LISTED WITH OTHER TELCO",
				"text": "LISTED WITH OTHER TELCO"
			},
			{
				"key": 29,
				"value": "MNP - REJECT BY DONOR ",
				"text": "MNP - REJECT BY DONOR "
			},
			{
				"key": 38,
				"value": "MNP-BRN/IC REGISTERED AT DONOR NOT INDICATED IN RF",
				"text": "MNP-BRN/IC REGISTERED AT DONOR NOT INDICATED IN RF"
			},
			{
				"key": 15,
				"value": "MNP-INCOMPLETE DOCUMENT",
				"text": "MNP-INCOMPLETE DOCUMENT"
			},
			{
				"key": 14,
				"value": "MNP-INCOMPLETE INFORMATION",
				"text": "MNP-INCOMPLETE INFORMATION"
			},
			{
				"key": 16,
				"value": "MNP-PARTIAL ACTIVATION DONE",
				"text": "MNP-PARTIAL ACTIVATION DONE"
			},
			{
				"key": 17,
				"value": "MNP-PENDING TOP-UP",
				"text": "MNP-PENDING TOP-UP"
			},
			{
				"key": 28,
				"value": "NO DATE INDICATED IN RELEASE  ACCEPTANCE LETTER",
				"text": "NO DATE INDICATED IN RELEASE  ACCEPTANCE LETTER"
			},
			{
				"key": 30,
				"value": "NO P/ORDER SUBMITTED BY DEALER",
				"text": "NO P/ORDER SUBMITTED BY DEALER"
			},
			{
				"key": 1,
				"value": "OUTSTANDING BILL-CONSUMER",
				"text": "OUTSTANDING BILL-CONSUMER"
			},
			{
				"key": 2,
				"value": "OUTSTANDING BILL-EXISTING A/C",
				"text": "OUTSTANDING BILL-EXISTING A/C"
			},
			{
				"key": 9,
				"value": "PHONE SUBSIDY-WRONG TOP-UP",
				"text": "PHONE SUBSIDY-WRONG TOP-UP"
			},
			{
				"key": 49,
				"value": "PREMATURE AUTO-WAIVER COMPONENT NOT ASSIGNED",
				"text": "PREMATURE AUTO-WAIVER COMPONENT NOT ASSIGNED"
			},
			{
				"key": 46,
				"value": "RATE PLAN WRONGLY ASSIGNED-DIFFERENT BETWEEN RF/PORTAL",
				"text": "RATE PLAN WRONGLY ASSIGNED-DIFFERENT BETWEEN RF/PORTAL"
			},
			{
				"key": 44,
				"value": "REQUEST TYPE NOT INDICATED IN RF/WRONGLY SELECTED IN PORTAL",
				"text": "REQUEST TYPE NOT INDICATED IN RF/WRONGLY SELECTED IN PORTAL"
			},
			{
				"key": 43,
				"value": "SIM CARD/MSISDN NOT VALID OR BELONG TO ANOTHER OWNER",
				"text": "SIM CARD/MSISDN NOT VALID OR BELONG TO ANOTHER OWNER"
			},
			{
				"key": 7,
				"value": "SUPPLINE-NOT TRANSFERRED",
				"text": "SUPPLINE-NOT TRANSFERRED"
			},
			{
				"key": 8,
				"value": "SUPPLINE-SUSPENDED",
				"text": "SUPPLINE-SUSPENDED"
			},
			{
				"key": 36,
				"value": "TEMPORARY I/C OR I/C-INVALID",
				"text": "TEMPORARY I/C OR I/C-INVALID"
			},
			{
				"key": 35,
				"value": "TOTAL LINE(S) DIFFERENT BETWEEN RF/PORTAL",
				"text": "TOTAL LINE(S) DIFFERENT BETWEEN RF/PORTAL"
			},
			{
				"key": 37,
				"value": "UNABLE TO OPEN ATTACHMENT",
				"text": "UNABLE TO OPEN ATTACHMENT"
			},
			{
				"key": 48,
				"value": "VOICE CONTRACT WRONGLY/NOT ASSIGNED",
				"text": "VOICE CONTRACT WRONGLY/NOT ASSIGNED"
			}
		],
		"zerolution": null,
		"checkFlexiFundCrp": null,
		"notificationEmail": "test@gmail.com",
		"productCategoryId": 8,
		"easMasterRegId": null,
		"masterRegdfStatus": null,
		"createdDate": 1542952493000,
		"modifiedDate": null,
		"rejectBy": null,
		"cancelledBy": null,
		"rejectedDate": null,
		"cancelledDate": null,
		"rejectWithResub": null,
		"marketCode": null,
		"collectionCode": null,
		"reasonCode": null,
		"maxisCenter": 26,
		"cmssNo": "123456",
		"acctCategory": "CORPORATE",
		"vsnKenanStatus": null,
		"onlyMnp": null,
		"totalMembers": 1,
		"authSignEmail": "yeeling@hotmail.com",
		"authSignSms": null,
		"parentId": null,
		"hierarchyId": null,
		"errorCode": "0",
		"errorMessage": [
			"Success"
		],
		"accountCategory": "CORPORATE",
		"marketCodeId": "null",
		"marketCodeName": null,
		"prodCatName": "Normal",
		"brnInfo": {
			"portalCustInfo": {
				"companyName": "MAXIS BHD",
				"companyCodeName": "Berhad company",
				"businessName": "Agriculture,Hunting,Forestry Fishing",
				"staffStrength": "2",
				"custPuc": null,
				"custFinalRemark": null,
				"custBrnNo": "628567U",
				"businessId": null,
				"custType": "Company / SME",
				"accountType": null
			},
			"authorizedSignatory": {
				"authName": "ELAINE",
				"authIcNo": "900210125738",
				"authFixedNo": "60178216707",
				"authFaxNo": null,
				"authMobileNo": null,
				"authEmail": "yeeling@hotmail.com"
			},
			"documents": null,
			"errorCode": null,
			"errorMessage": null,
			"addrInfo": {
				"billingAddress": {
					"address1": "LOT 61, BATU 11,",
					"address2": "JALAN CHERAS",
					"postCode": "43000",
					"city": "KAJANG",
					"state": "SELANGOR",
					"country": "Malaysia"
				},
				"deliveryAddress": {
					"contactName": "CUSTOMER",
					"contactPhoneNo": "0123456789",
					"contactIC": "123456789",
					"contactFixNo": "12345676543",
					"address1": "LOT 61, BATU 11,",
					"address2": "JALAN CHERAS",
					"postCode": "44300",
					"city": "BATANG KALI",
					"state": "SELANGOR",
					"country": "Malaysia"
				},
				"picDetails": {
					"picName": "CUSTOMER",
					"picEMail": "test@gmail.com",
					"picContactNumber": "0123456789",
					"notificationEmail": "test@gmail.com",
					"picContactNo": null
				}
			},
			"documentUploadItems": [
				{
					"documentCode": "1074",
					"sNo": 3,
					"documentDesc": "Bank stmts",
					"documentType": "BC",
					"maxFileSize": 5,
					"compulsoryInd": "No",
					"sourceInd": "BCC",
					"documentType2": null,
					"sourceInd2": null,
					"compulsory": false,
					"uploadInd": null,
					"documentregId": null,
					"fileName": null,
					"ref": null,
					"file": null,
					"regId": null,
					"filePath": null
				},
				{
					"documentCode": "1108",
					"sNo": 4,
					"documentDesc": "CMSS Document",
					"documentType": "BC",
					"maxFileSize": 5,
					"compulsoryInd": "No",
					"sourceInd": "EBD",
					"documentType2": null,
					"sourceInd2": null,
					"compulsory": false,
					"uploadInd": null,
					"documentregId": null,
					"fileName": null,
					"ref": null,
					"file": null,
					"regId": null,
					"filePath": null
				},
				{
					"documentCode": "1075",
					"sNo": 4,
					"documentDesc": "Addendum",
					"documentType": "BC",
					"maxFileSize": 5,
					"compulsoryInd": "No",
					"sourceInd": "EBD",
					"documentType2": null,
					"sourceInd2": null,
					"compulsory": false,
					"uploadInd": "Y",
					"documentregId": null,
					"fileName": "config_(2).properties",
					"ref": null,
					"file": null,
					"regId": 9979,
					"filePath": null
				},
				{
					"documentCode": "1077",
					"sNo": 6,
					"documentDesc": "Bank-in Slip",
					"documentType": "BC",
					"maxFileSize": 5,
					"compulsoryInd": "No",
					"sourceInd": "EBD",
					"documentType2": null,
					"sourceInd2": null,
					"compulsory": false,
					"uploadInd": null,
					"documentregId": null,
					"fileName": null,
					"ref": null,
					"file": null,
					"regId": null,
					"filePath": null
				}
			]
		},
		"supportingCenterName": "Business Processing Center",
		"collectionCodeName": null,
		"authSignName": "ELAINE",
		"deposit": "off",
		"externalOrderId": null,
		"easPackageId": 1265
	},
	"previousFundAmount": 0,
	"previousFundAmountUsed": 0,
	"previousFundAmountLeft": 0,
	"deviceFundUsed": 0,
	"totalQuantity": 0,
	"deviceFundLeft": 0,
	"amountPayable": 0,
	"tax": 0,
	"msisdnList": [
		{
			"regId": "1124111",
			"regType": "New Registration",
			"regStatus": "Pending Approval",
			"ratplan": 1362,
			"ratePlanName": "Micro MOB Plan 98",
			"regTypeId": 1,
			"deviceContract": "Normal",
			"deliveryNumber": null,
			"vas": null,
			"mobileInfo": {
				"mobileNo": "60121937456",
				"sim": "8960010308284330661",
				"donorAccountNo": null,
				"simType": "Normal Sim",
				"donorType": null
			},
			"lineDeviceInfo": {
				"deviceId": "770",
				"phoneModel": "ALCATEL PIXI 4-6 4G  METAL GOLD",
				"status": "Pending",
				"deliveryNo": null,
				"deviceRrp": 612,
				"monthlyInstallment": null,
				"noOfInstallments": null,
				"zerolutionUpgrade": null,
				"zerolutionPremium": null,
				"zerolutionComponent": "No",
				"imei": null,
				"isUpgradeBasicProtection": null,
				"isZerolutionPremium": "No",
				"isPremiumDeviceProtection": null,
				"intallmentDate": null,
				"upgradeFee": null,
				"safeDeviceMnthlyChrg": null,
				"deviceDeliveryNo": null,
				"vendorId": 7,
				"brandId": 14,
				"groupId": null,
				"quantity": 1,
				"deviceContract": null
			},
			"contractInfo": null,
			"lineStatus": "Pending Approval",
			"suspensionStatus": null,
			"fundAmount": null,
			"consumedAmount": null,
			"balanceAmount": null,
			"fundStatus": null,
			"oldComponentList": null,
			"vasList": null,
			"iddList": null,
			"flexiFundContractTaken": false,
			"pendingActionContracts": {
				"componentPackageInfoList": [
					{
						"flagForVasPopUp": false,
						"deleteButtonFlag": false,
						"productType": null,
						"transMsid": null,
						"regId": null,
						"componentDesc": "Mobile - 3G Video Telephony",
						"packageName": null,
						"vasId": 186755,
						"vasId1": null,
						"componentId": "40090",
						"componentId1": null,
						"chargeTypeId": null,
						"chargeTypeId1": null,
						"regId1": null,
						"transMsid1": null,
						"lowerLimtRc": null,
						"upperLimtRc": null,
						"nrcID": null,
						"apnName": null,
						"rateplanId": null,
						"packageId": "41837",
						"vasName": "Mobile - 3G Video Telephony",
						"defaultInd": null,
						"slNo": null,
						"dtCreated": null,
						"dtModified": null,
						"publishInd": null,
						"vasDesc": null,
						"contractualInd": null,
						"colInd": null,
						"contractType": null,
						"contractType1": null,
						"portalRefRatePlan": null,
						"createdBy": null,
						"modifiedBy": null,
						"colInd1": null,
						"imeiInd": null,
						"kenanDefaultInd": null,
						"dataIncValue": null,
						"vasMonthlyAmt": null,
						"newVasSelected": null,
						"type": null
					},
					{
						"flagForVasPopUp": false,
						"deleteButtonFlag": false,
						"productType": null,
						"transMsid": null,
						"regId": null,
						"componentDesc": "Mobile - Bill Itemised (If unticked, Summarized Bill will be provision by default)",
						"packageName": null,
						"vasId": 186756,
						"vasId1": null,
						"componentId": "40252",
						"componentId1": null,
						"chargeTypeId": null,
						"chargeTypeId1": null,
						"regId1": null,
						"transMsid1": null,
						"lowerLimtRc": null,
						"upperLimtRc": null,
						"nrcID": null,
						"apnName": null,
						"rateplanId": null,
						"packageId": "41773",
						"vasName": "Mobile - Bill Itemised (If unticked, Summarized Bill will be provision by default)",
						"defaultInd": null,
						"slNo": null,
						"dtCreated": null,
						"dtModified": null,
						"publishInd": null,
						"vasDesc": null,
						"contractualInd": null,
						"colInd": null,
						"contractType": null,
						"contractType1": null,
						"portalRefRatePlan": null,
						"createdBy": null,
						"modifiedBy": null,
						"colInd1": null,
						"imeiInd": null,
						"kenanDefaultInd": null,
						"dataIncValue": null,
						"vasMonthlyAmt": null,
						"newVasSelected": null,
						"type": null
					},
					{
						"flagForVasPopUp": false,
						"deleteButtonFlag": false,
						"productType": null,
						"transMsid": null,
						"regId": null,
						"componentDesc": "Mobile - CLIP-Caller Line Id Pres",
						"packageName": null,
						"vasId": 186743,
						"vasId1": null,
						"componentId": "40026",
						"componentId1": null,
						"chargeTypeId": null,
						"chargeTypeId1": null,
						"regId1": null,
						"transMsid1": null,
						"lowerLimtRc": null,
						"upperLimtRc": null,
						"nrcID": null,
						"apnName": null,
						"rateplanId": null,
						"packageId": "41837",
						"vasName": "Mobile - CLIP-Caller Line Id Pres",
						"defaultInd": null,
						"slNo": null,
						"dtCreated": null,
						"dtModified": null,
						"publishInd": null,
						"vasDesc": null,
						"contractualInd": null,
						"colInd": null,
						"contractType": null,
						"contractType1": null,
						"portalRefRatePlan": null,
						"createdBy": null,
						"modifiedBy": null,
						"colInd1": null,
						"imeiInd": null,
						"kenanDefaultInd": null,
						"dataIncValue": null,
						"vasMonthlyAmt": null,
						"newVasSelected": null,
						"type": null
					},
					{
						"flagForVasPopUp": false,
						"deleteButtonFlag": false,
						"productType": null,
						"transMsid": null,
						"regId": null,
						"componentDesc": "Mobile - MMS Service Package",
						"packageName": null,
						"vasId": 186748,
						"vasId1": null,
						"componentId": "40032",
						"componentId1": null,
						"chargeTypeId": null,
						"chargeTypeId1": null,
						"regId1": null,
						"transMsid1": null,
						"lowerLimtRc": null,
						"upperLimtRc": null,
						"nrcID": null,
						"apnName": null,
						"rateplanId": null,
						"packageId": "41837",
						"vasName": "Mobile - MMS Service Package",
						"defaultInd": null,
						"slNo": null,
						"dtCreated": null,
						"dtModified": null,
						"publishInd": null,
						"vasDesc": null,
						"contractualInd": null,
						"colInd": null,
						"contractType": null,
						"contractType1": null,
						"portalRefRatePlan": null,
						"createdBy": null,
						"modifiedBy": null,
						"colInd1": null,
						"imeiInd": null,
						"kenanDefaultInd": null,
						"dataIncValue": null,
						"vasMonthlyAmt": null,
						"newVasSelected": null,
						"type": null
					},
					{
						"flagForVasPopUp": false,
						"deleteButtonFlag": false,
						"productType": null,
						"transMsid": null,
						"regId": null,
						"componentDesc": "Mobile - Mobile Internet Free 15GB Bundle",
						"packageName": null,
						"vasId": 186765,
						"vasId1": null,
						"componentId": "46272",
						"componentId1": null,
						"chargeTypeId": null,
						"chargeTypeId1": null,
						"regId1": null,
						"transMsid1": null,
						"lowerLimtRc": null,
						"upperLimtRc": null,
						"nrcID": null,
						"apnName": null,
						"rateplanId": null,
						"packageId": "41837",
						"vasName": "Mobile - Mobile Internet Free 15GB Bundle",
						"defaultInd": null,
						"slNo": null,
						"dtCreated": null,
						"dtModified": null,
						"publishInd": null,
						"vasDesc": null,
						"contractualInd": null,
						"colInd": null,
						"contractType": null,
						"contractType1": null,
						"portalRefRatePlan": null,
						"createdBy": null,
						"modifiedBy": null,
						"colInd1": null,
						"imeiInd": null,
						"kenanDefaultInd": null,
						"dataIncValue": null,
						"vasMonthlyAmt": null,
						"newVasSelected": null,
						"type": null
					},
					{
						"flagForVasPopUp": false,
						"deleteButtonFlag": false,
						"productType": null,
						"transMsid": null,
						"regId": null,
						"componentDesc": "Mobile - Mobile Internet Mthly 15GB 4G Weekend",
						"packageName": null,
						"vasId": 186768,
						"vasId1": null,
						"componentId": "48124",
						"componentId1": null,
						"chargeTypeId": null,
						"chargeTypeId1": null,
						"regId1": null,
						"transMsid1": null,
						"lowerLimtRc": null,
						"upperLimtRc": null,
						"nrcID": null,
						"apnName": null,
						"rateplanId": null,
						"packageId": "41837",
						"vasName": "Mobile - Mobile Internet Mthly 15GB 4G Weekend",
						"defaultInd": null,
						"slNo": null,
						"dtCreated": null,
						"dtModified": null,
						"publishInd": null,
						"vasDesc": null,
						"contractualInd": null,
						"colInd": null,
						"contractType": null,
						"contractType1": null,
						"portalRefRatePlan": null,
						"createdBy": null,
						"modifiedBy": null,
						"colInd1": null,
						"imeiInd": null,
						"kenanDefaultInd": null,
						"dataIncValue": null,
						"vasMonthlyAmt": null,
						"newVasSelected": null,
						"type": null
					},
					{
						"flagForVasPopUp": false,
						"deleteButtonFlag": false,
						"productType": null,
						"transMsid": null,
						"regId": null,
						"componentDesc": "Mobile - Short Message Service (MO)",
						"packageName": null,
						"vasId": 186742,
						"vasId1": null,
						"componentId": "40023",
						"componentId1": null,
						"chargeTypeId": null,
						"chargeTypeId1": null,
						"regId1": null,
						"transMsid1": null,
						"lowerLimtRc": null,
						"upperLimtRc": null,
						"nrcID": null,
						"apnName": null,
						"rateplanId": null,
						"packageId": "41837",
						"vasName": "Mobile - Short Message Service (MO)",
						"defaultInd": null,
						"slNo": null,
						"dtCreated": null,
						"dtModified": null,
						"publishInd": null,
						"vasDesc": null,
						"contractualInd": null,
						"colInd": null,
						"contractType": null,
						"contractType1": null,
						"portalRefRatePlan": null,
						"createdBy": null,
						"modifiedBy": null,
						"colInd1": null,
						"imeiInd": null,
						"kenanDefaultInd": null,
						"dataIncValue": null,
						"vasMonthlyAmt": null,
						"newVasSelected": null,
						"type": null
					},
					{
						"flagForVasPopUp": false,
						"deleteButtonFlag": false,
						"productType": null,
						"transMsid": null,
						"regId": null,
						"componentDesc": "Mobile - Telephony",
						"packageName": null,
						"vasId": 186764,
						"vasId1": null,
						"componentId": "46271",
						"componentId1": null,
						"chargeTypeId": null,
						"chargeTypeId1": null,
						"regId1": null,
						"transMsid1": null,
						"lowerLimtRc": null,
						"upperLimtRc": null,
						"nrcID": null,
						"apnName": null,
						"rateplanId": null,
						"packageId": "41837",
						"vasName": "Mobile - Telephony",
						"defaultInd": null,
						"slNo": null,
						"dtCreated": null,
						"dtModified": null,
						"publishInd": null,
						"vasDesc": null,
						"contractualInd": null,
						"colInd": null,
						"contractType": null,
						"contractType1": null,
						"portalRefRatePlan": null,
						"createdBy": null,
						"modifiedBy": null,
						"colInd1": null,
						"imeiInd": null,
						"kenanDefaultInd": null,
						"dataIncValue": null,
						"vasMonthlyAmt": null,
						"newVasSelected": null,
						"type": null
					},
					{
						"flagForVasPopUp": false,
						"deleteButtonFlag": false,
						"productType": null,
						"transMsid": null,
						"regId": null,
						"componentDesc": "Mobile - WAP",
						"packageName": null,
						"vasId": 186747,
						"vasId1": null,
						"componentId": "40030",
						"componentId1": null,
						"chargeTypeId": null,
						"chargeTypeId1": null,
						"regId1": null,
						"transMsid1": null,
						"lowerLimtRc": null,
						"upperLimtRc": null,
						"nrcID": null,
						"apnName": null,
						"rateplanId": null,
						"packageId": "41837",
						"vasName": "Mobile - WAP",
						"defaultInd": null,
						"slNo": null,
						"dtCreated": null,
						"dtModified": null,
						"publishInd": null,
						"vasDesc": null,
						"contractualInd": null,
						"colInd": null,
						"contractType": null,
						"contractType1": null,
						"portalRefRatePlan": null,
						"createdBy": null,
						"modifiedBy": null,
						"colInd1": null,
						"imeiInd": null,
						"kenanDefaultInd": null,
						"dataIncValue": null,
						"vasMonthlyAmt": null,
						"newVasSelected": null,
						"type": null
					},
					{
						"flagForVasPopUp": false,
						"deleteButtonFlag": false,
						"productType": null,
						"transMsid": null,
						"regId": null,
						"componentDesc": "Mobile - A2P Spam Blocking",
						"packageName": null,
						"vasId": 186767,
						"vasId1": null,
						"componentId": "48115",
						"componentId1": null,
						"chargeTypeId": null,
						"chargeTypeId1": null,
						"regId1": null,
						"transMsid1": null,
						"lowerLimtRc": null,
						"upperLimtRc": null,
						"nrcID": null,
						"apnName": null,
						"rateplanId": null,
						"packageId": "41756",
						"vasName": "Mobile - A2P Spam Blocking",
						"defaultInd": null,
						"slNo": null,
						"dtCreated": null,
						"dtModified": null,
						"publishInd": null,
						"vasDesc": null,
						"contractualInd": null,
						"colInd": null,
						"contractType": null,
						"contractType1": null,
						"portalRefRatePlan": null,
						"createdBy": null,
						"modifiedBy": null,
						"colInd1": null,
						"imeiInd": null,
						"kenanDefaultInd": null,
						"dataIncValue": null,
						"vasMonthlyAmt": null,
						"newVasSelected": null,
						"type": null
					},
					{
						"flagForVasPopUp": false,
						"deleteButtonFlag": false,
						"productType": null,
						"transMsid": null,
						"regId": null,
						"componentDesc": "Mobile - MaxisONE Business Plan Contract (RM98X 24 Mths)",
						"packageName": null,
						"vasId": 186766,
						"vasId1": null,
						"componentId": "46276",
						"componentId1": null,
						"chargeTypeId": null,
						"chargeTypeId1": null,
						"regId1": null,
						"transMsid1": null,
						"lowerLimtRc": null,
						"upperLimtRc": null,
						"nrcID": null,
						"apnName": null,
						"rateplanId": null,
						"packageId": "40478",
						"vasName": "Mobile - MaxisONE Business Plan Contract (RM98X 24 Mths)",
						"defaultInd": null,
						"slNo": null,
						"dtCreated": null,
						"dtModified": null,
						"publishInd": null,
						"vasDesc": null,
						"contractualInd": null,
						"colInd": null,
						"contractType": null,
						"contractType1": null,
						"portalRefRatePlan": null,
						"createdBy": null,
						"modifiedBy": null,
						"colInd1": null,
						"imeiInd": null,
						"kenanDefaultInd": null,
						"dataIncValue": null,
						"vasMonthlyAmt": null,
						"newVasSelected": null,
						"type": null
					}
				],
				"commonList": null,
				"uncommonList": null,
				"rebateList": null,
				"vasList": null,
				"terminateVariable": null,
				"checkMaintainTerminate": null,
				"errorMsg": [
					"Success"
				],
				"flagForResetAction": 0,
				"mnpFlag": null,
				"componentPackageInfoListForMNPView": null,
				"errorCode": 1,
				"prematureWaiver": null
			},
			"key": 1124111,
			"isPendingActionDone": "False",
			"prematurePenalty": false,
			"promotionId": null,
			"promotion": null,
			"approvalAction": "Approve",
			"approvalActionsAllowed": [
				"Approve",
				"Done in Kenan"
			],
			"billableInd": false,
			"rejectionReason": null
		}
	],
	"totalLinesadvancePayment": 0,
	"crpLineCount": 0,
	"upgradeSafeDevice": false,
	"safeDevice": false,
	"billable": "false",
	"isOutright": false,
	"orderInPMP": false,
	"orderResubmissionFailed": true,
	"getmsisdnsDetailsStatus": false,
	"validateOldLinesStatus": "SUCCESS",
	"isContractDurationGrtrFourMonths": false,
	"regType": null,
	"regTypeId": null,
	"ratePlan": null,
	"deviceContract": null,
	"mobileNumber": null,
	"simCardNo": null,
	"simType": null,
	"phoneModel": null,
	"donorType": null,
	"donorAccountNo": null,
	"todos": null,
	"ratePlanId": null,
	"collectionCode": "50",
	"companyDepositAmount": 0,
	"advancePaymentAmount": 100,
	"totalAdvPayment": 100,
	"totalPayment": 100,
	"action": "Approved",
	"noOfLines": 1,
	"orgAdvancePayment": 100,
	"orgDeposit": 0,
	"rejectionReason": "",
	"authDetail": {
		"authName": "NoneTQA EAS Testing 5",
		"authEmail": "SHITESH@maxis.com.my",
		"authMobileNo": "60147428063"
	},
	"allowResubmission": 1
}